sport,league,team_a,team_b,starts_at,label,stream_type,stream_url,verified,verify_message
"Cricket","Caribbean Premier League, 2026","Jamaica Kingsmen","Guyana Amazon Warriors","2026-08-14T00:00:00.000Z","Tapmad","hls","https://saseries.akamaized.net/hls/live/2110097/56408643-tapMad/master.m3u8","FAIL","not M3U8"
"Cricket","Caribbean Premier League, 2026","Jamaica Kingsmen","Guyana Amazon Warriors","2026-08-14T00:00:00.000Z","BDIX","hls","https://saseries.akamaized.net/hls/live/2110097/ZIMvsIND-3827e1/master.m3u8","FAIL","not M3U8"
"Cricket","Caribbean Premier League, 2026","Jamaica Kingsmen","Guyana Amazon Warriors","2026-08-14T00:00:00.000Z","SP","dash","https://otte.cache.aiv-cdn.net/bom-nitro/live/clients/dash/enc/puehlftk5j/out/v1/f7f0da1ee112481ca0024e6d4dd97f4a/cenc.mpd","OK","OK (MPD)"
"Cricket","Caribbean Premier League, 2026","Jamaica Kingsmen","Guyana Amazon Warriors","2026-08-14T00:00:00.000Z","BDIX","hls","https://saseries.akamaized.net/hls/live/2110097/ZIMvsIND-3827e1/master.m3u8","FAIL","not M3U8"
"Cricket","Bangladesh in Australia, 2026","Australia","Bangladesh","2026-08-14T00:30:00.000Z","SP","hls","https://raw.githubusercontent.com/athenapanda26/hls/refs/heads/main/smack.m3u8","OK","OK (master)"
"Cricket","Bangladesh in Australia, 2026","Australia","Bangladesh","2026-08-14T00:30:00.000Z","SP","dash","https://abfjk4haaaaaaaamkitc5445rybm6.bia-cf.live.pv-cdn.net/iad-nitro/live/clients/dash/enc/rpy1a8weyh/out/v1/299c646dd6c14fbbb217f087b073efb6/cenc.mpd","FAIL","not MPD"
"Cricket","Bangladesh in Australia, 2026","Australia","Bangladesh","2026-08-14T00:30:00.000Z","SP","hls","https://raw.githubusercontent.com/athenapanda26/hls/refs/heads/main/raw.m3u8","OK","OK (master)"
"Cricket","Afghanistan in Ireland, 2026","Ireland","Afghanistan","2026-08-14T09:45:00.000Z","SP - 2","hls","https://d3bq19vx8xhpwy.cloudfront.net/live/myStream/playlist.m3u8","OK","OK (master)"
"Cricket","Afghanistan in Ireland, 2026","Ireland","Afghanistan","2026-08-14T09:45:00.000Z","Server 1","hls","http://tvsen5.aynascope.net/willowhd/index.m3u8","FAIL","not M3U8"
"Cricket","The Hundred Women, 2026","Sunrisers Leeds Women","Southern Brave Women","2026-08-14T13:15:00.000Z","Server 1","dash","https://otte.cache.aiv-cdn.net/iad-nitro/live/clients/dash/enc/emac4snezd/out/v1/bd3878a014c941fd8a9ba8d80089b064/cenc.mpd","FAIL","not MPD"
"Cricket","The Hundred Women, 2026","Sunrisers Leeds Women","Southern Brave Women","2026-08-14T13:15:00.000Z","SP - 2","dash","https://otte.cache.aiv-cdn.net/bom-nitro/live/clients/dash/enc/w0rehjjrwe/out/v1/69a2a7041395406b970598f61680e7cf/cenc.mpd","OK","OK (MPD)"
"WWE","Friday Night SmackDown","Friday Night SmackDown","Friday Night SmackDown","2026-08-15T00:00:00.000Z","Server 1","hls","https://tvsen7.aynascope.net/Sports1/index.m3u8","OK","OK (master)"
"WWE","Friday Night SmackDown","Friday Night SmackDown","Friday Night SmackDown","2026-08-15T00:00:00.000Z","SP","dash","https://otte.cache.aiv-cdn.net/iad-nitro/live/clients/dash/enc/x6oqpug9mu/out/v1/502432e8607547b4a6278d3cc64d5b78/cenc.mpd","FAIL","not MPD"
"WWE","Monday Night Raw","Monday Night Raw","Monday Night Raw","2026-08-18T00:00:00.000Z","SP","dash","https://otte.cache.aiv-cdn.net/bom-nitro/live/clients/dash/enc/puehlftk5j/out/v1/f7f0da1ee112481ca0024e6d4dd97f4a/cenc.mpd","OK","OK (MPD)"
"WWE","Monday Night Raw","Monday Night Raw","Monday Night Raw","2026-08-18T00:00:00.000Z","SP","dash","https://otte.cache.aiv-cdn.net/bom-nitro/live/clients/dash/enc/4h44dz4jjt/out/v1/5d50be7f265d49c398bd324160a2722a/cenc.mpd","OK","OK (MPD)"
"Motorsports","Formula 1","Formula 1","Formula 1","2026-08-21T10:30:00.000Z","Server 2","hls","https://live.kinescopecdn.net/on-air/5bf2c07e-3604-42cf-959a-67ed8914ffd5/1bcd3c63-b6fb-436b-af37-21e34de6234b/master.m3u8","OK","OK (media)"
"Motorsports","Formula 1","Formula 1","Formula 1","2026-08-21T10:30:00.000Z","SP - 3","dash","https://qp-pldt-live-grp-13-prod.akamaized.net/out/u/dr_spotv2hd.mpd","OK","OK (MPD)"
"Motorsports","Formula 1","Formula 1","Formula 1","2026-08-21T10:30:00.000Z","SP","dash","https://otte.cache.aiv-cdn.net/bom-nitro/enc/dgly6ezivq/out/v1/e1748eea04034eb688b927e4ed47438c/cenc.mpd","OK","OK (MPD)"
"Motorsports","MotoGP","MotoGP","MotoGP","2026-08-25T08:45:00.000Z","SP - 2","dash","https://otte.cache.aiv-cdn.net/bom-nitro/live/clients/dash/enc/wjeweupwyc/out/v1/8197c8e055c94a868623653ac55c10bf/cenc.mpd","OK","OK (MPD)"
"Motorsports","MotoGP","MotoGP","MotoGP","2026-08-25T08:45:00.000Z","SP - 2","hls","https://ubuntu.fromthyheart.site/dailymotion/live/playlist/5.m3u8","FAIL","HTTPSConnectionPool(host='ubuntu.fromthyheart.site"
"Motorsports","MotoGP","MotoGP","MotoGP","2026-08-25T08:45:00.000Z","SP","hls","https://melancholy.fromthyheart.site/dailymotion/live/playlist/5.m3u8","FAIL","HTTPSConnectionPool(host='melancholy.fromthyheart."